{
  "assumptions": [
    "Prices are approximate; availability not checked."
  ],
  "intent_id": "73ea162a-d7eb-4f51-9116-dacf8e0a7a5b",
  "plan_id": "569338dc-9cd8-440d-b97b-ce121bc3bfd9",
  "provenance": {
    "agent": "modeling",
    "model": null,
    "timestamp": "2025-12-14T03:18:11.153Z",
    "trace_id": "67fac2ee-16b2-491a-8166-38b0e91c9b91"
  },
  "steps": [
    {
      "action_type": "research",
      "dependencies": [],
      "description": "Collect 3 accommodation options in Zurich",
      "estimated_effort": "medium",
      "inputs": [
        "Zurich"
      ],
      "order": 1,
      "outputs": [
        "accommodation_options"
      ],
      "resources": [
        "web"
      ],
      "step_id": "53208ab5-2d9c-41f1-87a8-6ea8584f0efa",
      "time_window": null
    },
    {
      "action_type": "draft_itinerary",
      "dependencies": [
        "53208ab5-2d9c-41f1-87a8-6ea8584f0efa"
      ],
      "description": "Draft a 3-day itinerary in Zurich",
      "estimated_effort": "medium",
      "inputs": [
        "accommodation_options"
      ],
      "order": 2,
      "outputs": [
        "itinerary"
      ],
      "resources": [
        "planner"
      ],
      "step_id": "d77d84e7-6bfd-428c-922d-06077ddcb53a",
      "time_window": null
    },
    {
      "action_type": "budget_check",
      "dependencies": [
        "d77d84e7-6bfd-428c-922d-06077ddcb53a"
      ],
      "description": "Estimate total cost and ensure budget constraints are satisfied",
      "estimated_effort": "low",
      "inputs": [
        "itinerary"
      ],
      "order": 3,
      "outputs": [
        "total_cost_estimate"
      ],
      "resources": [
        "calculator"
      ],
      "step_id": "bd4a0e08-1a94-4c9d-a04a-f0182b318b00",
      "time_window": null
    }
  ],
  "total_cost_estimate": 550.0
}