[
  {
    "decision": "processed",
    "duration_ms": 5,
    "event_id": "71181ec3-9b3c-4b81-b44f-cdb1bc431e44",
    "input_hash": "8ac42367a9ebde79a22ce51d0cbd360c52717673a7af08307cc2043ea40ebfea",
    "links": {},
    "metadata": null,
    "output_hash": "7c528613484c6e4dc73945afb32001044eeafcc699b307ebd4d7c0c143a7e327",
    "prev_hash": null,
    "provenance": {
      "agent": "perception"
    },
    "step": "P",
    "timestamp": "2025-12-14T03:18:11.153Z",
    "trace_id": "67fac2ee-16b2-491a-8166-38b0e91c9b91"
  },
  {
    "decision": "processed",
    "duration_ms": 0,
    "event_id": "55aca246-088d-49ea-901d-929c7c1ea235",
    "input_hash": "7c528613484c6e4dc73945afb32001044eeafcc699b307ebd4d7c0c143a7e327",
    "links": {
      "intent_id": "73ea162a-d7eb-4f51-9116-dacf8e0a7a5b"
    },
    "metadata": null,
    "output_hash": "201aee4a5326501aadd37bbaf947ec7085a6e99bfa3fac60060f725c2a2bf679",
    "prev_hash": "7c528613484c6e4dc73945afb32001044eeafcc699b307ebd4d7c0c143a7e327",
    "provenance": {
      "agent": "sensemaking",
      "model": "mock"
    },
    "step": "S",
    "timestamp": "2025-12-14T03:18:11.153Z",
    "trace_id": "67fac2ee-16b2-491a-8166-38b0e91c9b91"
  },
  {
    "decision": "processed",
    "duration_ms": 0,
    "event_id": "8037e960-eb79-40e4-9c66-aabbae6f66f4",
    "input_hash": "201aee4a5326501aadd37bbaf947ec7085a6e99bfa3fac60060f725c2a2bf679",
    "links": {
      "intent_id": "73ea162a-d7eb-4f51-9116-dacf8e0a7a5b",
      "plan_id": "569338dc-9cd8-440d-b97b-ce121bc3bfd9"
    },
    "metadata": null,
    "output_hash": "79a559526f2467b399c5a0348f226200f7ce652a0bdaeb9521d7ae97108f66ad",
    "prev_hash": "201aee4a5326501aadd37bbaf947ec7085a6e99bfa3fac60060f725c2a2bf679",
    "provenance": {
      "agent": "modeling"
    },
    "step": "M",
    "timestamp": "2025-12-14T03:18:11.154Z",
    "trace_id": "67fac2ee-16b2-491a-8166-38b0e91c9b91"
  },
  {
    "decision": "rejected",
    "duration_ms": 0,
    "event_id": "f489c836-aa93-4378-98b2-c0408e6828c4",
    "input_hash": "79a559526f2467b399c5a0348f226200f7ce652a0bdaeb9521d7ae97108f66ad",
    "links": {
      "intent_id": "73ea162a-d7eb-4f51-9116-dacf8e0a7a5b",
      "plan_id": "569338dc-9cd8-440d-b97b-ce121bc3bfd9"
    },
    "metadata": {
      "constraints_checked": 3,
      "constraints_satisfied": 2,
      "issues": [
        {
          "code": "CONSTRAINT_VIOLATION",
          "detail": "Budget 550.0 exceeds limit 500.0.",
          "severity": "critical"
        },
        {
          "code": "CONSTRAINT_UNADDRESSED",
          "constraints": [
            {
              "key": "timing",
              "operator": "eq",
              "type": "temporal",
              "value": "next month"
            }
          ],
          "detail": "1 constraints not referenced by any plan step.",
          "severity": "warning"
        }
      ]
    },
    "output_hash": "2665f15d5cd7fe364daf4cbe3041f6d71ee5ae07bd0b5695caa0f5422be0ac48",
    "prev_hash": "79a559526f2467b399c5a0348f226200f7ce652a0bdaeb9521d7ae97108f66ad",
    "provenance": {
      "agent": "verifier"
    },
    "step": "V",
    "timestamp": "2025-12-14T03:18:11.154Z",
    "trace_id": "67fac2ee-16b2-491a-8166-38b0e91c9b91"
  },
  {
    "decision": "rejected",
    "duration_ms": 0,
    "event_id": "9880cb00-89a7-48dc-a2f1-9261a032aa47",
    "input_hash": "2665f15d5cd7fe364daf4cbe3041f6d71ee5ae07bd0b5695caa0f5422be0ac48",
    "links": {
      "intent_id": "73ea162a-d7eb-4f51-9116-dacf8e0a7a5b",
      "plan_id": "569338dc-9cd8-440d-b97b-ce121bc3bfd9"
    },
    "metadata": null,
    "output_hash": "ffd500f575cdf687bed44dd2a47191fc272e0e5e42edcc270f6e3afdea26b5ef",
    "prev_hash": "2665f15d5cd7fe364daf4cbe3041f6d71ee5ae07bd0b5695caa0f5422be0ac48",
    "provenance": {
      "agent": "response"
    },
    "step": "R",
    "timestamp": "2025-12-14T03:18:11.154Z",
    "trace_id": "67fac2ee-16b2-491a-8166-38b0e91c9b91"
  }
]