{
  "confidence": 0.92,
  "constraints": [
    {
      "key": "duration_days",
      "operator": "eq",
      "type": "temporal",
      "value": 3
    },
    {
      "key": "timing",
      "operator": "eq",
      "type": "temporal",
      "value": "next month"
    },
    {
      "key": "total",
      "operator": "lte",
      "type": "budget",
      "value": 500.0
    }
  ],
  "domain": "travel",
  "entities": [
    "Zurich",
    "trip"
  ],
  "goal": "Plan a 3-day trip to Zurich",
  "intent_id": "73ea162a-d7eb-4f51-9116-dacf8e0a7a5b",
  "parent_id": null,
  "provenance": {
    "agent": "sensemaking",
    "model": null,
    "timestamp": "2025-12-14T03:18:11.153Z",
    "trace_id": "67fac2ee-16b2-491a-8166-38b0e91c9b91"
  },
  "status": "pending",
  "type": "PLAN",
  "verb": "plan"
}