{
  "confidence": 0.92,
  "constraints": [
    {
      "key": "duration_days",
      "operator": "eq",
      "type": "temporal",
      "value": 3
    },
    {
      "key": "timing",
      "operator": "eq",
      "type": "temporal",
      "value": "next month"
    },
    {
      "key": "total",
      "operator": "lte",
      "type": "budget",
      "value": 500.0
    }
  ],
  "domain": "travel",
  "entities": [
    "Zurich",
    "trip"
  ],
  "goal": "Plan a 3-day trip to Zurich",
  "intent_id": "785f045f-f7b4-4bc1-9ef5-45092dabdbc2",
  "parent_id": null,
  "provenance": {
    "agent": "sensemaking",
    "model": null,
    "timestamp": "2025-12-14T03:18:11.349Z",
    "trace_id": "3581b87e-3e0e-4fc7-9588-a660ffe8170c"
  },
  "status": "pending",
  "type": "PLAN",
  "verb": "plan"
}